compound,ggdw,mmolgdw,mw,id
Ala,0.0071962742394705,0.0807753310076388,89.09,ala_L[c]
Arg,0.0103276053273847,0.059285908882805605,174.2,arg_L[c]
Asn,0.0018826366796218,0.014249445047093,132.12,asn_L[c]
Asp,0.0107301919141984,0.0806114635579488,133.11,asp_L[c]
Cys,0.002730516753444751,0.0225364538910925,121.16,cys_L[c]
Gln,0.0070302794226827,0.0481064692943941,146.14,gln_L[c]
Glu,0.012546214111091,0.0852729838312447,147.13,glu_L[c]
Gly,0.0105953089616296,0.14113905636911858,75.07,gly[c]
His,0.004385369393553962,0.0282645141913552,155.1546,his_L[c]
Ile,0.0069561957082451,0.053031910560686,131.17,ile_L[c]
Leu,0.015578624660158222,0.11876667424074311,131.17,leu_L[c]
Lys,0.003891724738540379,0.026621005120325697,146.19,lys_L[c]
Met,0.004311370522740739,0.028894648634413232,149.21,met_L[c]
Phe,0.0097686064383591,0.0591355798677831,165.19,phe_L[c]
Pro,0.013033393961403,0.1132058886598029,115.13,pro_L[c]
Ser,0.016801894435803502,0.15988100138741618,105.09,ser_L[c]
Thr,0.0024687952107544,0.0207254179910077,119.1192,thr_L[c]
Trp,0.009236954029605799,0.0452281938481413,204.23,trp_L[c]
Tyr,0.0063744899976455,0.035181246192646294,181.19,tyr_L[c]
Val,0.010850212622972,0.09261732825987071,117.151,val_L[c]
5-Oxopro,0.0001684877047322,0.0013057013695928,129.04,5oxpro[c]
GABA,3.0842605306004295e-05,0.0002990943105702,103.12,4abut[c]
Ornithine,0.0001225686355422,0.0009274261163909,132.16,orn[h]
beta-Ala,2.0214443683844164e-06,2.2689913215674223e-05,89.09,ala_B[c]
Glucose,0.0184905755601194,0.1026341893878743,180.16,glc_D[c]
Fructose,0.0174451057844281,0.0968311821959822,180.16,fru[c]
Sucrose,0.0312490542469943,0.0912914234501734,342.3,sucr[c]
Glc6P,0.0018554153606573,0.0071324820888203,260.136,g6p[c]
Fruc6P,0.0004230825978768,0.0016284307681647,259.81,f6p[c]
E4P,0.0002064886133328,0.0010320096226229,200.084,e4p[h]
Citrate,0.0335318790543221,0.1745324845116808,192.124,cit[m]
Isocitrate,0.0003128598186874,0.0016284307681647,192.1235,icit[m]
alpha-ketoglutarate,0.0011198050713716,0.0076641234095654,146.11,akg[m]
Succinate,0.0004318208154573,0.0036567094204193,118.09,succ[m]
Fumarate,1.996083972845445e-05,0.0001384947978411,144.127,fum[m]
Malate,0.0315672963236876,0.235423286033495,134.0874,mal_L[m]
Shikimate,7.080055106476238e-05,0.0004065492452756,174.15,skm[h]
PEP,0.0001433913573676,0.0008533066576665,168.042,pep[c]
3PGA,0.0032863364146904,0.0176627776775794,186.06,3pg[c]
Glycolate,5.462241238137683e-05,0.0007279106127582,75.04,glyclt[c]
L-Ascorbate,0.0027471346525495,0.0155980845591047,176.12,ascb_L[c]
Glycerol,0.000306451199869,0.003327591372609,92.094,glyc[c]
Starch,0.1213429491868117,0.6735288032127652,180.16,starch3[h]
Coumaryl alcohol,0.0048537179674724,0.0323205202445985,150.1745,coumarylalc[c]
Coniferyl alcohol,0.0048537179674724,0.0269533301984381,180.0786,confrl[c]
Sinapyl alcohol,0.0048537179674724,0.0230876562216261,210.23,sinapylalc[c]
Cellulose,0.1323741263856128,0.7347586944139255,180.16,cellulose3[c]
Hemicellulose,0.0294164725301361,0.2226627675330577,132.11222,xylan4[c]
Chlorophyll A,0.0241921688917879,0.0270763473704888,893.4797799999999,cholphya[h]
Chlorophyll B,0.0058808625147793,0.0064805527792582,907.4631,chlb[h]
K,0.0583181567909949,1.4915778126157655,39.0983,k[c]
Ca,0.0372118377506222,0.928485397240937,40.078,ca2[c]
Mg,0.0087661088139805,0.360671006541065,24.305,mg2[c]
Fe,0.0002255262893977,0.0040384329733675,55.845,fe2[c]
NO3,0.0124260082712716,0.2004036498933422,62.0049,no3[c]
SO4,0.0066824420097626,0.0695652926271351,96.06,so4[c]
Na,0.0055229362508118,0.2402345256627788,22.989769,na[c]
Pi,0.0204466105191756,0.2108180531326426,96.987,pi[c]
Cl,0.0085170346383224,0.2402345256627788,35.453,cl[c]
AMP,0.039604697887768,0.1140618657149045,347.2212,amp[c]
CMP,0.0248562649411829,0.0769075931861359,323.1965,cmp[c]
GMP,0.0289897796488791,0.0798132802402928,363.22,gmp[c]
UMP,0.0369027928757051,0.1138338111288503,324.1813,ump[c]
dAMP,0.0048478207289478,0.0146361676728836,331.222,damp[c]
dCMP,0.0023998060060579,0.0078119422548519,307.1971,dcmp[c]
dGMP,0.0027124719640604,0.0078119422548519,347.2212,dgmp[c]
dTMP,0.0046863925812165,0.0146361676728836,320.1926,tmp[c]
Lipids,0.0588329450602723,0.1614190688676934,,Lipid[c]
