compound	ggdw	mmolgdw	ref	organism	mw	include
Proteins	0.14966373315094286	1.186396244733451	This study	Solanum tuberosum		True
Ala	0.006418460990763122	0.07204468504616816	Gerlin et al. 2021	Solanum lycopersicum	89.09	True
Arg	0.01019198200416742	0.058507359380984045	Gerlin et al. 2021	Solanum lycopersicum	174.2	True
Asn	0.0012753844278750755	0.009653227580041444	Demirel et al. 2020	Solanum tuberosum	132.12	True
Asp	0.008032540719973972	0.06034513349841463	Gerlin et al. 2021	Solanum lycopersicum	133.11	True
Cys	0.0026618783175411183	0.0219699431952882	Gerlin et al. 2021	Solanum lycopersicum	121.16	True
Gln	0.006173532199584171	0.04224395921434358	Gerlin et al. 2021	Solanum lycopersicum	146.14	True
Glu	0.0041896378455696225	0.02847575508441258	Demirel et al. 2020	Solanum tuberosum	147.13	True
Gly	0.010439021542157492	0.13905716720604094	Demirel et al. 2020	Solanum tuberosum	75.07	True
His	0.0043168795453149824	0.027823084493240825	Gerlin et al. 2021	Solanum lycopersicum	155.1546	True
Ile	0.0067595374677379	0.051532648225492875	Demirel et al. 2020	Solanum tuberosum	131.17	True
Leu	0.015495920798682165	0.11813616527164875	Demirel et al. 2020	Solanum tuberosum	131.17	True
Lys	0.0037942686729283493	0.025954365366498044	Demirel et al. 2020	Solanum tuberosum	146.19	True
Met	0.0043012029002569676	0.028826505597861853	Gerlin et al. 2021	Solanum lycopersicum	149.21	True
Phe	0.009374075544881804	0.05674723376040804	Demirel et al. 2020	Solanum tuberosum	165.19	True
Pro	0.012753844278750754	0.11077776668766398	Demirel et al. 2020	Solanum tuberosum	115.13	True
Ser	0.015623459241469675	0.14866742070101507	Demirel et al. 2020	Solanum tuberosum	105.09	True
Thr	0.0018811920311157361	0.015792517336548063	Demirel et al. 2020	Solanum tuberosum	119.1192	True
Trp	0.009118998659306788	0.044650632420833315	Demirel et al. 2020	Solanum tuberosum	204.23	True
Tyr	0.006212455990108866	0.03428696942496201	Gerlin et al. 2021	Solanum lycopersicum	181.19	True
Val	0.01064945997275688	0.09090370524158461	Demirel et al. 2020	Solanum tuberosum	117.151	True
Free amino acids	0.01735684636831285	0.12968918781184824	Schauer et al. 2005, This study, Peksa et al. 2021	Solanum lycopersicum, Solanum tuberosum		True
5-Oxopro	0.0001684877047322664	0.001305701369592889	Schauer et al. 2005	Solanum lycopersicum	129.04	True
Ala	0.0007778132487074251	0.008730645961470706	This study	Solanum tuberosum	89.09	True
Arg	0.0001356233232173251	0.0007785495018216137	This study	Solanum tuberosum	174.2	True
Asn	0.0006072522517468681	0.004596217467051681	This study	Solanum tuberosum	132.12	True
Asp	0.002697651194224598	0.020266330059534203	This study	Solanum tuberosum	133.11	True
Cys	6.86384359036511e-05	0.0005665106958043175	Peksa et al. 2021	Solanum tuberosum	121.16	True
GABA	3.0842605306004295e-05	0.00029909431057025107	Schauer et al. 2005	Solanum lycopersicum	103.12	True
Gln	0.0008567472230986029	0.0058625100800506575	This study	Solanum tuberosum	146.14	True
Glu	0.008356576265521434	0.05679722874683229	This study	Solanum tuberosum	147.13	True
Gly	0.0001562874194722463	0.0020818891630777444	This study	Solanum tuberosum	75.07	True
His	6.848984823906236e-05	0.00044142969811441216	This study	Solanum tuberosum	155.1546	True
Ile	0.0001966582405072976	0.0014992623351932424	This study	Solanum tuberosum	131.17	True
Leu	8.270386147612375e-05	0.0006305089690944863	This study	Solanum tuberosum	131.17	True
Lys	9.745606561207907e-05	0.0006666397538277521	This study	Solanum tuberosum	146.19	True
Met	1.01676224838393e-05	6.814303655143288e-05	This study	Solanum tuberosum	149.21	True
Ornithine	0.0001225686355422341	0.0009274261163909966	Peksa et al. 2021	Solanum tuberosum	132.16	True
Phe	0.00039453089347730726	0.0023883461073751877	This study	Solanum tuberosum	165.19	True
Pro	0.00027954968265237346	0.0024281219721390902	This study	Solanum tuberosum	115.13	True
Ser	0.0011784351943339082	0.011213580686401258	This study	Solanum tuberosum	105.09	True
Thr	0.0005876031796387268	0.0049329006544597915	This study	Solanum tuberosum	119.1192	True
Trp	0.00011795537029912734	0.000577561427308071	Schauer et al. 2005	Solanum lycopersicum	204.23	True
Tyr	0.00016203400753672602	0.0008942767676843426	This study	Solanum tuberosum	181.19	True
Val	0.00020075265021523892	0.0017136230182861344	This study	Solanum tuberosum	117.151	True
beta-Ala	2.0214443683844164e-06	2.2689913215674223e-05	Schauer et al. 2005	Solanum lycopersicum	89.09	True
Sugars and organic acids	0.26460502986139833	1.4356982697925633	This study, Hastilestari et al. 2018, Schauer et al. 2005, Santacruz et al. 2004	Solanum tuberosum, Solanum lycopersicum		True
Glucose	0.018490575560119443	0.10263418938787436	This study	Solanum tuberosum	180.16	True
Fructose	0.01744510578442816	0.09683118219598225	This study	Solanum tuberosum	180.16	True
Sucrose	0.031249054246994368	0.09129142345017344	This study	Solanum tuberosum	342.3	True
Glc6P	0.0018554153606573597	0.007132482088820308	Hastilestari et al. 2018	Solanum tuberosum	260.136	True
Fruc6P	0.0004230825978768802	0.0016284307681647364	Hastilestari et al. 2018	Solanum tuberosum	259.81	True
E4P	0.0002064886133328842	0.0010320096226229193	Hastilestari et al. 2018	Solanum tuberosum	200.084	True
Citrate	0.03353187905432218	0.17453248451168088	Hastilestari et al. 2018	Solanum tuberosum	192.124	True
Isocitrate	0.00031285981868749775	0.0016284307681647364	Hastilestari et al. 2018	Solanum tuberosum	192.1235	True
alpha-ketoglutarate	0.0011198050713716076	0.007664123409565448	Hastilestari et al. 2018	Solanum tuberosum	146.11	True
Succinate	0.0004318208154573157	0.0036567094204193046	Hastilestari et al. 2018	Solanum tuberosum	118.09	True
Fumarate	1.9960839728454454e-05	0.000138494797841171	Hastilestari et al. 2018	Solanum tuberosum	144.127	True
Malate	0.03156729632368767	0.23542328603349508	Hastilestari et al. 2018	Solanum tuberosum	134.0874	True
Shikimate	7.080055106476238e-05	0.00040654924527569556	Hastilestari et al. 2018	Solanum tuberosum	174.15	True
PEP	0.00014339135736760573	0.0008533066576665699	Hastilestari et al. 2018	Solanum tuberosum	168.042	True
3PGA	0.003286336414690425	0.01766277767757941	Hastilestari et al. 2018	Solanum tuberosum	186.06	True
Glycolate	5.462241238137683e-05	0.0007279106127582199	Schauer et al. 2005	Solanum lycopersicum	75.04	True
L-Ascorbate	0.002747134652549522	0.015598084559104712	Schauer et al. 2005	Solanum lycopersicum	176.12	True
Glycerol	0.00030645119986905377	0.0033275913726090057	Schauer et al. 2005	Solanum lycopersicum	92.094	True
Starch	0.12134294918681178	0.6735288032127652	Santacruz et al. 2004	Solanum tuberosum	180.16	True
Lipids	0.058832945060272375	0.1614190000000000	Correa et al. 2023	Solanum tuberosum		True
Lignin and (hemi)cellulose precursors	0.17635175281816642	1.0397829686116462	Gerlin et al. 2021	Solanum lycopersicum		True
Coumaryl alcohol	0.004853717967472471	0.03232052024459859	Gerlin et al. 2021	Solanum lycopersicum	150.1745	True
Coniferyl alcohol	0.004853717967472471	0.026953330198438187	Gerlin et al. 2021	Solanum lycopersicum	180.0786	True
Sinapyl alcohol	0.004853717967472471	0.023087656221626177	Gerlin et al. 2021	Solanum lycopersicum	210.23	True
Cellulose	0.13237412638561283	0.7347586944139255	Gerlin et al. 2021	Solanum lycopersicum	180.16	True
Hemicellulose	0.029416472530136187	0.22266276753305778	Gerlin et al. 2021	Solanum lycopersicum	132.11222	True
Chlorophylles	0.030073031406567304	0.033556900149747146	Gerlin et al. 2021	Solanum lycopersicum		True
Chlorophyll A	0.02419216889178797	0.02707634737048887	Gerlin et al. 2021	Solanum lycopersicum	893.4797799999999	True
Chlorophyll B	0.005880862514779332	0.006480552779258277	Gerlin et al. 2021	Solanum lycopersicum	907.4630999999999	True
Minerals	0.15811666133433983	3.746028696349813	Chea et al. 2021, Kirkby & Mengel 1967	Solanum tuberosum		True
K	0.05831815679099499	1.4915778126157655	Chea et al. 2021	Solanum tuberosum	39.0983	True
Ca	0.03721183775062228	0.928485397240937	Chea et al. 2021	Solanum tuberosum	40.078	True
Mg	0.008766108813980584	0.360671006541065	Chea et al. 2021	Solanum tuberosum	24.305	True
Fe	0.00022552628939771077	0.004038432973367549	Chea et al. 2021	Solanum tuberosum	55.845	True
NO3	0.012426008271271695	0.20040364989334222	Chea et al. 2021	Solanum tuberosum	62.0049	True
SO4	0.006682442009762605	0.06956529262713518	Chea et al. 2021	Solanum tuberosum	96.06	True
Na	0.005522936250811857	0.24023452566277886	Kirkby & Mengel 1967	Solanum lycopersicum	22.989769	True
Pi	0.020446610519175613	0.21081805313264268	Kirkby & Mengel 1967	Solanum lycopersicum	96.987	True
Cl	0.008517034638322499	0.24023452566277884	Kirkby & Mengel 1967	Solanum lycopersicum	35.453	True
Nucleic acids	0.145	0.43046388423209453	This study: inferred	Solanum tuberosum		True
RNA	0.13035353535353536	0.3855676643766233	Reef et al. 2010: RNA/DNA ratio	C. australis	338.0821251291595	True
AMP	0.03960469788776803	0.11406186571490458	Petek et al. 2020: counts from cDNA	Solanum tuberosum	347.2212	True
CMP	0.024856264941182978	0.07690759318613591	Petek et al. 2020: counts from cDNA	Solanum tuberosum	323.1965	True
GMP	0.02898977964887917	0.07981328024029284	Petek et al. 2020: counts from cDNA	Solanum tuberosum	363.22	True
UMP	0.03690279287570518	0.11383381112885035	Petek et al. 2020: counts from cDNA	Solanum tuberosum	324.1813	True
DNA	0.014646464646464645	0.04489621985547122	Reef et al. 2010: RNA/DNA ratio	C. australis	326.22935056925	True
dAMP	0.004847820728947858	0.014636167672883619	PGSC 2011: GC% from genome	Solanum tuberosum	331.222	True
dCMP	0.0023998060060579926	0.0078119422548519925	PGSC 2011: GC% from genome	Solanum tuberosum	307.1971	True
dGMP	0.002712471964060415	0.0078119422548519925	PGSC 2011: GC% from genome	Solanum tuberosum	347.2212	True
dTMP	0.004686392581216555	0.014636167672883619	PGSC 2011: GC% from genome	Solanum tuberosum	320.1926	True
